larger	express	fellow	flight	fastened	truck	rock	scene	breeze	tail
pond	forth	supply	money	include	per	merely	bit	anyway	surface
been	unhappy	throughout	mice	because	route	captain	grabbed	hurried	announced
making	store	two	toward	imagine	goes	teacher	plus	tried	by
changing	earn	rabbit	up	applied	musical	on	private	aware	sitting
courage	parent	ever	us	suit	sent	frequently	queen	growth	remarkable
they	against	accept	military	cloth	brick	yesterday	disease	branch	according
each	water	closer	wind	thin	everything	stop	some	cut	slabs
dress	farm	mighty	plane	everywhere	ago	raise	neighbor	ought	something
reason	audience	proud	hello	story	smile	doubt	blanket	wise	rod
nice	leaf	unhappy	nervous	plate	class	pleasant	made	bone	market
select	printed	join	made	weak	possible	concerned	stepped	supper	hunter
desert	motion	broad	early	engine	base	adventure	log	pole	instrument
stopped	trip	more	sight	whom	nor	difficulty	honor	suppose	mass
age	could	tail	happily	court	found	handsome	division	public	weak
now	alike	late	highway	forth	for	feet	create	prepare	steam
pride	onlinetools	mixture	engine	eaten	driven	pay	river	throughout	fairly
person	consonant	mud	thought	hide	across	hurry	industry	constantly	without
bee	yesterday	did	smooth	desk	appearance	grew	roof	far	stream
dinner	practical	mouse	easier	escape	led	fire	bigger	clay	frighten
trip	toy	diagram	all	ill	spite	time	lungs	wrong	fly
pool	shorter	deer	mouse	went	depend	easier	sound	act	yet
through	special	club	torn	negative	mill	ourselves	kill	poem	may
becoming	making	value	out	happened	bush	average	save	tight	safety
cry	else	courage	damage	putting	rose	leg	arrive	door	thus
excellent	usual	pupil	raw	include	provide	poem	cowboy	am	ranch
doing	relationship	mix	pick	discussion	secret	pot	simple	to	solve
we	lamp	nose	surprise	make	kill	score	now	getting	gather
sit	native	best	ocean	finest	manufacturing	fun	introduced	protection	over
pile	date	stranger	hardly	shoe	get	free	even	stems	ice
sentence	serious	army	nobody	guard	knowledge	monkey	stiff	answer	know
trouble	poor	using	mostly	slabs	research	nation	clothing	bound	garden
top	physical	native	jump	missing	any	mail	feature	rubbed	pool
another	wing	ordinary	hunt	seat	food	courage	success	bent	fairly
using	tried	trap	congress	happen	worry	them	railroad	seeing	father
lift	fourth	somewhere	possible	ability	husband	fewer	suddenly	lost	discuss
sense	broad	group	wind	service	closely	house	over	write	wheat
dream	explain	movement	chance	underline	bank	progress	shelter	vote	heart
highest	probably	bridge	broke	thirty	judge	browserling	public	summer	shape
stairs	seven	hand	involved	whenever	hung	gently	girl	poetry	lay
smoke	task	making	slave	baseball	move	layers	art	cabin	aid
week	cast	successful	clothes	sport	bark	pony	quiet	range	art
fill	prevent	beautiful	topic	ocean	thousand	extra	street	home	know
port	stage	traffic	face	go	sit	musical	browserling	giant	education
furniture	chair	jack	giant	plenty	rising	equally	jungle	follow	mother
earn	later	yourself	voyage	movement	observe	measure	movie	feature	create
practical	empty	middle	throughout	plates	younger	forward	mind	sit	mouth
above	truth	difficulty	regular	activity	goes	rule	water	each	salt
passage	growth	unusual	must	poet	speak	tobacco	sitting	seeing	welcome
failed	world	appropriate	possible	add	doll	does	fine	beauty	numeral
desert	fireplace	indicate	second	completely	bill	by	border	wool	black
upward	castle	here	excellent	chose	badly	grandfather	tone	traffic	remarkable
everyone	chest	hot	salmon	power	remove	mind	mice	pan	forest
surface	solar	nearly	rhyme	policeman	possibly	doll	special	get	label
globe	smallest	possibly	struggle	outline	buried	empty	fall	mostly	husband
wore	hungry	on	straight	bow	thank	anything	cup	threw	widely
studied	dinner	try	effort	curious	herd	smell	sugar	every	native
baby	breathing	draw	right	empty	jack	immediately	world	whistle	bowl
compound	source	proper	bad	count	answer	broken	imagine	gently	mostly
dress	cap	had	operation	fun	clock	sea	pile	inch	tape
last	palace	screen	bank	fort	broken	cool	highway	according	try
student	choose	total	soft	swept	loss	review	possible	deal	service
easily	worse	passage	place	such	wild	courage	trail	consist	loud
design	apartment	catch	log	shorter	fish	rhythm	peace	habit	use
toy	foot	prevent	air	dance	composed	adventure	frozen	finger	arrange
store	war	part	paid	separate	busy	yard	birds	receive	coffee
announced	living	sets	remove	satisfied	serious	underline	two	pet	beyond
signal	bridge	brick	smoke	doll	pen	hollow	manufacturing	bicycle	command
history	lunch	ill	sound	know	colony	replace	hurry	business	cake
row	pass	gulf	symbol	appropriate	pie	loud	ear	fall	happened
herself	gave	cost	relationship	cell	package	furniture	balloon	quarter	greatest
feed	process	exact	inside	slight	effect	lay	fallen	slide	blanket
event	darkness	leaving	soon	more	tribe	numeral	won	shout	none
sheep	too	neighborhood	electric	valley	equipment	physical	minute	mad	wrong
talk	toy	something	due	metal	force	spider	bus	lonely	except
poem	rays	thirty	tightly	particular	special	clothes	age	knew	green
seen	far	pressure	raw	store	favorite	among	mainly	at	however
her	claws	raise	brush	break	wore	opportunity	butter	grandfather	magnet
thrown	negative	announced	surrounded	tree	fought	excited	slide	shinning	dollar
musical	reach	piano	these	type	is	hung	jar	blew	key
dropped	jump	sand	differ	son	judge	in	mountain	highest	further
job	cool	largest	peace	replace	sad	fifty	found	outer	fuel
against	taken	beginning	tin	were	hit	lead	fight	valley	dried
sheep	tide	flat	ordinary	pony	production	happily	gulf	got	simply
die	football	difficult	curious	law	window	slabs	gas	leather	forth
likely	arrive	been	motion	deeply	has	government	valuable	least	drew
modern	tank	particular	age	city	silence	search	separate	lie	member
slightly	remain	sense	speak	pot	wall	visitor	write	bigger	gain
race	man	cookies	north	level	rocket	parent	figure	cannot	alike
mouse	winter	help	believed	dear	silver	curve	solid	yes	car
suddenly	tent	younger	connected	what	toward	seeing	pet	reason	held
somewhere	dried	system	count	cloud	they	top	rough	audience	during
round	salmon	daughter	tail	vapor	else	according	army	powder	excellent
total	bottom	block	slave	shore	apart	welcome	rabbit	natural	fifteen
station	correctly	written	alone	proper	in	mail	phrase	leather	brass
noted	news	eventually	excellent	close	earlier	beginning	low	seldom	possibly
exclaimed	breathing	got	community	attention	additional	excitement	motor	exist	little
riding	steady	magic	its	biggest	view	ground	thousand	source	at
claws	universe	sea	pink	follow	beyond	hardly	tried	cold	cloth
written	other	swing	thy	tight	pupil	bound	locate	art	whom